<?xml version="1.0" encoding="UTF-8"?>
<project-private xmlns="http://www.netbeans.org/ns/project-private/1">
    <editor-bookmarks xmlns="http://www.netbeans.org/ns/editor-bookmarks/2" lastBookmarkId="0"/>
    <open-files xmlns="http://www.netbeans.org/ns/projectui-open-files/2">
        <group>
            <file>file:/E:/web/sfblog/app/config/routing.yml</file>
            <file>file:/E:/web/sfblog/app/config/routing_dev.yml</file>
            <file>file:/E:/web/sfblog/app/config/config.yml</file>
            <file>file:/E:/web/sfblog/app/config/parameters.yml</file>
            <file>file:/E:/web/sfblog/app/autoload.php</file>
            <file>file:/E:/web/sfblog/README.md</file>
            <file>file:/E:/web/sfblog/UPGRADE.md</file>
            <file>file:/E:/web/sfblog/UPGRADE-2.4.md</file>
            <file>file:/E:/web/sfblog/composer.json</file>
            <file>file:/E:/web/sfblog/app/AppKernel.php</file>
            <file>file:/E:/web/sfblog/app/config/security.yml</file>
            <file>file:/E:/web/sfblog/vendor/friendsofsymfony/user-bundle/Resources/views/layout.html.twig</file>
            <file>file:/E:/web/sfblog/vendor/friendsofsymfony/user-bundle/Resources/views/Security/login.html.twig</file>
            <file>file:/E:/web/sfblog/vendor/friendsofsymfony/user-bundle/Resources/config/security.xml</file>
            <file>file:/E:/web/sfblog/vendor/autoload.php</file>
            <file>file:/E:/web/sfblog/vendor/friendsofsymfony/user-bundle/Form/Factory/FormFactory.php</file>
            <file>file:/E:/web/sfblog/vendor/friendsofsymfony/user-bundle/Form/Factory/FactoryInterface.php</file>
            <file>file:/E:/web/sfblog/vendor/friendsofsymfony/user-bundle/Form/DataTransformer/UserToUsernameTransformer.php</file>
            <file>file:/E:/web/sfblog/vendor/friendsofsymfony/user-bundle/Resources/views/Profile/edit_content.html.twig</file>
            <file>file:/E:/web/sfblog/web/bundles/cwpadmin/js/lib.js</file>
            <file>file:/E:/web/sfblog/web/bundles/cwpadmin/css/style.css</file>
            <file>file:/E:/web/sfblog/vendor/symfony/symfony/src/Symfony/Component/Form/AbstractTypeExtension.php</file>
            <file>file:/E:/web/sfblog/vendor/symfony/symfony/src/Symfony/Component/Form/FormTypeExtensionInterface.php</file>
            <file>file:/E:/web/sfblog/vendor/raulfraile/ladybug-themes/Ladybug/Plugin/Extra/Resources/php/helpers.php</file>
            <file>file:/E:/web/sfblog/vendor/raulfraile/ladybug-themes/Ladybug/Plugin/Extra/Resources/services.xml</file>
            <file>file:/E:/web/sfblog/vendor/raulfraile/ladybug/src/Ladybug/Application.php</file>
            <file>file:/E:/web/sfblog/web/app_dev.php</file>
            <file>file:/E:/web/sfblog/vendor/symfony/symfony/src/Symfony/Component/HttpKernel/Kernel.php</file>
            <file>file:/E:/web/sfblog/web/app.php</file>
            <file>file:/E:/web/sfblog/web/config.php</file>
            <file>file:/E:/web/sfblog/app/config/app_config.php</file>
            <file>file:/E:/web/sfblog/app/AppCache.php</file>
            <file>file:/E:/web/sfblog/src/Cwp/UtilBundle/Controller/MenuController.php</file>
            <file>file:/E:/web/sfblog/src/Cwp/AdminBundle/Controller/MenuController.php</file>
            <file>file:/E:/web/sfblog/src/Cwp/UtilBundle/Controller/UtilController.php</file>
            <file>file:/E:/web/sfblog/src/Cwp/UtilBundle/Resources/config/services.yml</file>
            <file>file:/E:/web/sfblog/src/Cwp/UtilBundle/Resources/views/Layout/menu.html.twig</file>
            <file>file:/E:/web/sfblog/vendor/willdurand/negotiation/src/Negotiation/FormatNegotiator.php</file>
            <file>file:/E:/web/sfblog/src/Cwp/AdminBundle/Resources/views/Menu/menu_list.html.twig</file>
            <file>file:/E:/web/sfblog/src/Cwp/AdminBundle/Resources/config/routing.yml</file>
            <file>file:/E:/web/sfblog/src/Cwp/AdminBundle/Resources/views/Menu/menu_update.html.twig</file>
            <file>file:/E:/web/sfblog/src/Cwp/AdminBundle/Resources/views/Menu/menu_add.html.twig</file>
            <file>file:/E:/web/sfblog/src/Cwp/UtilBundle/Resources/views/Layout/layout.html.twig</file>
            <file>file:/E:/web/sfblog/src/Cwp/UtilBundle/Entity/Menu.php</file>
            <file>file:/E:/web/sfblog/vendor/doctrine/common/lib/Doctrine/Common/Persistence/ObjectManager.php</file>
            <file>file:/E:/web/sfblog/src/Cwp/UtilBundle/Controller/BackendController.php</file>
            <file>file:/E:/web/sfblog/src/Cwp/AdminBundle/Controller/BlogController.php</file>
            <file>file:/E:/web/sfblog/src/Cwp/AdminBundle/Controller/IndexController.php</file>
            <file>file:/E:/web/sfblog/src/Cwp/AdminBundle/Resources/views/Blog/blog_list.html.twig</file>
            <file>file:/E:/web/sfblog/src/Cwp/BlogBundle/Entity/Blog.php</file>
            <file>file:/E:/web/sfblog/src/Cwp/AdminBundle/Resources/views/Blog/blog_update.html.twig</file>
            <file>file:/E:/web/sfblog/src/Cwp/AdminBundle/Resources/views/Blog/blog_add.html.twig</file>
            <file>file:/E:/web/sfblog/src/Cwp/AdminBundle/Resources/views/Blog/addBlog.html.twig</file>
            <file>file:/E:/web/sfblog/src/Cwp/AdminBundle/Resources/views/Layout/base.html.twig</file>
            <file>file:/E:/web/sfblog/src/Cwp/UtilBundle/Resources/public/js/script.js</file>
            <file>file:/E:/web/sfblog/src/Cwp/AdminBundle/Resources/public/js/lib.js</file>
            <file>file:/E:/web/sfblog/src/Cwp/AdminBundle/Resources/views/Layout/layout.html.twig</file>
            <file>file:/E:/web/sfblog/src/Cwp/UtilBundle/Resources/public/css/base.css</file>
            <file>file:/E:/web/sfblog/src/Cwp/AdminBundle/Resources/public/css/style.css</file>
            <file>file:/E:/web/sfblog/src/Cwp/UtilBundle/Resources/views/Layout/base.html.twig</file>
            <file>file:/E:/web/sfblog/src/Cwp/UtilBundle/Resources/config/validation.yml</file>
            <file>file:/E:/web/sfblog/src/Cwp/BlogBundle/Resources/config/services.yml</file>
            <file>file:/E:/web/sfblog/src/Cwp/BlogBundle/Resources/config/validation.yml</file>
            <file>file:/E:/web/sfblog/src/Cwp/BlogBundle/Resources/views/Index/index.html.twig</file>
            <file>file:/E:/web/sfblog/src/Cwp/BlogBundle/Resources/views/Index/blog_read.html.twig</file>
            <file>file:/E:/web/sfblog/src/Cwp/BlogBundle/Resources/views/Layout/base.html.twig</file>
            <file>file:/E:/web/sfblog/src/Cwp/BlogBundle/Resources/config/routing.yml</file>
            <file>file:/E:/web/sfblog/src/Acme/DemoBundle/Command/HelloWorldCommand.php</file>
            <file>file:/E:/web/sfblog/src/Acme/DemoBundle/Controller/DemoController.php</file>
            <file>file:/E:/web/sfblog/src/Cwp/BlogBundle/Resources/public/js/superfish-1.4.8/example.html</file>
            <file>file:/E:/web/sfblog/src/Cwp/BlogBundle/Resources/public/js/tweet/index.html</file>
            <file>file:/E:/web/sfblog/src/Cwp/BlogBundle/Resources/public/js/tweet/jquery.tweet.js</file>
            <file>file:/E:/web/sfblog/src/Cwp/BlogBundle/Resources/public/js/superfish-1.4.8/js/supersubs.js</file>
            <file>file:/E:/web/sfblog/src/Cwp/BlogBundle/Resources/public/js/superfish-1.4.8/js/jquery.bgiframe.min.js</file>
            <file>file:/E:/web/sfblog/src/Cwp/BlogBundle/Resources/public/js/superfish-1.4.8/js/hoverIntent.js</file>
            <file>file:/E:/web/sfblog/src/Cwp/BlogBundle/Resources/public/js/superfish-1.4.8/css/superfish.css</file>
            <file>file:/E:/web/sfblog/src/Cwp/BlogBundle/Resources/public/js/superfish-1.4.8/js/jquery-1.2.6.min.js</file>
            <file>file:/E:/web/sfblog/src/Cwp/UtilBundle/Resources/public/plugins/ueditor/third-party/SyntaxHighlighter/shCoreDefault.css</file>
            <file>file:/E:/web/sfblog/src/Cwp/UtilBundle/Resources/public/plugins/tweet/jquery.tweet.js</file>
            <file>file:/E:/web/sfblog/src/Cwp/UtilBundle/Resources/public/plugins/tweet/jquery.tweet.min.js</file>
            <file>file:/E:/web/sfblog/src/Cwp/BlogBundle/Resources/public/js/jquery.isotope.min.js</file>
            <file>file:/E:/web/sfblog/src/Cwp/BlogBundle/Resources/public/css/comments.css</file>
            <file>file:/E:/web/sfblog/src/Cwp/AdminBundle/Resources/public/lib/font-awesome/css/font-awesome.css</file>
            <file>file:/E:/web/sfblog/src/Cwp/BlogBundle/Resources/views/Index/blog_list.html.twig</file>
            <file>file:/E:/web/sfblog/src/Cwp/UtilBundle/Resources/config/routing.yml</file>
            <file>file:/E:/web/sfblog/src/Cwp/BlogBundle/Resources/views/Index/blog_right.html.twig</file>
            <file>file:/E:/web/sfblog/app/config/config_dev.yml</file>
            <file>file:/E:/web/sfblog/src/Cwp/UtilBundle/Utils/Page/page2.php</file>
            <file>file:/E:/web/sfblog/src/Cwp/BlogBundle/Resources/public/css/style.css</file>
            <file>file:/E:/web/sfblog/src/Cwp/UserBundle/Entity/User.php</file>
            <file>file:/E:/web/sfblog/src/Cwp/UserBundle/Entity/Group.php</file>
            <file>file:/E:/web/sfblog/src/Cwp/AdminBundle/Controller/UserController.php</file>
            <file>file:/E:/web/sfblog/src/Cwp/AdminBundle/Resources/views/User/user_list.html.twig</file>
            <file>file:/E:/web/sfblog/src/Cwp/AdminBundle/Resources/views/User/group_add.html.twig</file>
            <file>file:/E:/web/sfblog/src/Cwp/AdminBundle/Resources/views/User/group_list.html.twig</file>
            <file>file:/E:/web/sfblog/src/Cwp/AdminBundle/Resources/views/User/addUser.html.twig</file>
            <file>file:/E:/web/sfblog/src/Cwp/UserBundle/Resources/config/validation.yml</file>
            <file>file:/E:/web/sfblog/src/Cwp/UtilBundle/Resources/views/Jump/success.html.twig</file>
            <file>file:/E:/web/sfblog/src/Cwp/UtilBundle/Controller/PublicController.php</file>
            <file>file:/E:/web/sfblog/src/Cwp/UtilBundle/Resources/views/Jump/error.html.twig</file>
            <file>file:/E:/web/sfblog/src/Cwp/AdminBundle/Resources/views/User/user_add.html.twig</file>
            <file>file:/E:/web/sfblog/vendor/friendsofsymfony/user-bundle/Model/User.php</file>
            <file>file:/E:/web/sfblog/src/Cwp/AdminBundle/Resources/views/User/access_config.html.twig</file>
            <file>file:/E:/web/sfblog/vendor/symfony/symfony/src/Symfony/Component/HttpFoundation/Request.php</file>
            <file>file:/E:/web/sfblog/src/Cwp/BlogBundle/Form/Type/BlogType.php</file>
            <file>file:/E:/web/sfblog/src/Cwp/UserBundle/Security/Authorization/Voter/CwpVoter.php</file>
            <file>file:/E:/web/sfblog/src/Cwp/UserBundle/Resources/config/services.yml</file>
            <file>file:/E:/web/sfblog/src/Cwp/UtilBundle/EventListener/RunActListener.php</file>
            <file>file:/E:/web/sfblog/vendor/symfony/symfony/src/Symfony/Component/HttpKernel/Event/KernelEvent.php</file>
            <file>file:/E:/web/sfblog/vendor/symfony/symfony/src/Symfony/Component/HttpKernel/Event/FilterControllerEvent.php</file>
            <file>file:/E:/web/sfblog/src/Cwp/AdminBundle/Resources/views/User/userlist.html.twig</file>
            <file>file:/E:/web/sfblog/vendor/symfony/symfony/src/Symfony/Component/HttpKernel/Exception/AccessDeniedHttpException.php</file>
            <file>file:/E:/web/sfblog/vendor/symfony/symfony/src/Symfony/Component/HttpKernel/HttpKernelInterface.php</file>
            <file>file:/E:/web/sfblog/web/.htaccess</file>
            <file>file:/E:/web/sfblog/src/Cwp/AdminBundle/Resources/views/Index/index.html.twig</file>
            <file>file:/E:/web/sfblog/app/data/menu.php</file>
            <file>file:/E:/web/sfblog/app/logs/prod.log</file>
            <file>file:/E:/web/sfblog/src/Cwp/BlogBundle/Resources/public/css/skin.css</file>
            <file>file:/E:/web/sfblog/src/Cwp/BlogBundle/Resources/views/Index/about.html.twig</file>
            <file>file:/E:/web/sfblog/src/Cwp/BlogBundle/Controller/IndexController.php</file>
            <file>file:/E:/web/sfblog/src/Cwp/BlogBundle/Resources/public/css/profile.css</file>
            <file>file:/E:/web/sfblog/vendor/friendsofsymfony/user-bundle/.gitignore</file>
        </group>
    </open-files>
</project-private>
